"","PN01224XM"
"","Tipo de cambio de las principales monedas - promedio del período - Yen (¥ por USD)"
Ago06,115.88
Sep06,117.009
Oct06,118.658
Nov06,117.347
Dic06,117.13
Ene07,120.578
Feb07,120.446
Mar07,117.276
Abr07,118.87
May07,120.73
Jun07,122.618
Jul07,121.589
Ago07,116.724
Sep07,115.015
Oct07,115.741
Nov07,111.21
Dic07,112.245
Ene08,107.657
Feb08,107.164
Mar08,100.79
Abr08,102.489
May08,104.139
Jun08,106.905
Jul08,106.812
Ago08,109.28
Sep08,106.748
Oct08,100.334
Nov08,96.6763
Dic08,91.3215
Ene09,90.4822
Feb09,92.5021
Mar09,98.164
Abr09,99.0033
May09,96.3044
Jun09,96.5173
Jul09,94.4959
Ago09,94.8381
Sep09,91.4932
Oct09,90.289
Nov09,89.1905
Dic09,89.561
Ene10,91.1589
Feb10,90.2837
Mar10,90.5177
Abr10,93.3771
May10,91.7653
Jun10,90.9214
Jul10,87.707
Ago10,85.4736
Sep10,84.3853
Oct10,81.867
Nov10,82.476
Dic10,83.4255
Ene11,82.6216666666667
Feb11,82.5645
Mar11,81.599347826087
Abr11,83.1578571428571
May11,81.1579545454545
Jun11,80.4718181818182
Jul11,79.2661904761905
Ago11,77.0721739130435
Sep11,76.8559090909091
Oct11,76.6835714285714
Nov11,77.5293181818182
Dic11,77.8279545454546
Ene12,76.9295454545455
Feb12,78.5890476190476
Mar12,82.5431818181818
Abr12,81.2814285714286
May12,79.6860869565217
Jun12,79.3409523809524
Jul12,78.9711363636364
Ago12,78.6682608695652
Sep12,78.1625
Oct12,79.0086956521739
Nov12,81.0547727272727
Dic12,83.9069047619048
Ene13,89.0991304347826
Feb13,93.12325
Mar13,94.8680952380953
Abr13,97.7565909090909
May13,100.991086956522
Jun13,97.28425
Jul13,99.725
Ago13,97.8040909090909
Sep13,99.1954761904762
Oct13,97.8280434782609
Nov13,100.113571428571
Dic13,103.603181818182
Ene14,103.875434782609
Feb14,102.119
Mar14,102.359761904762
Abr14,102.515227272727
May14,101.838409090909
Jun14,102.068333333333
Jul14,101.756739130435
Ago14,102.979761904762
Sep14,107.452826086957
Oct14,108.021304347826
Nov14,116.40275
Dic14,119.440217391304
Ene15,118.268333333333
Feb15,118.685
Mar15,120.369545454545
Abr15,119.521136363636
May15,120.846904761905
Jun15,123.691818181818
Jul15,123.325652173913
Ago15,123.058095238095
Sep15,120.090681818182
Oct15,120.162045454545
Nov15,122.639047619048
Dic15,121.589782608696
Ene16,118.20025
Feb16,114.665
Mar16,112.945434782609
Abr16,109.759738095238
May16,108.991136363636
Jun16,105.454772727273
Jul16,104.087857142857
Ago16,101.306956521739
Sep16,101.834318181818
Oct16,103.847142857143
Nov16,108.627045454545
Dic16,116.125909090909
Ene17,114.919772727273
Feb17,113.0075
Mar17,112.913043478261
Abr17,110.04375
May17,112.245217391304
Jun17,110.964318181818
Jul17,112.375238095238
Ago17,109.84152173913
Sep17,110.912954545455
Oct17,112.934545454545
Nov17,112.824772727273
Dic17,112.933571428571
Ene18,110.774444444444
Feb18,107.900555555556
Mar18,106.000476190476
Abr18,107.521428571429
May18,109.7015
Jun18,110.025238095238
Jul18,111.4185
Ago18,111.058260869565
Sep18,111.946470588235
Oct18,112.775
Nov18,113.3835
Dic18,112.572777777778
Ene19,108.921111111111
Feb19,110.347777777778
Mar19,111.206
Abr19,111.66380952381
May19,109.853333333333
Jun19,108.057
Jul19,108.240476190476
Ago19,106.272857142857
Sep19,107.482222222222
Oct19,108.123333333333
Nov19,108.793333333333
Dic19,109.154736842105
Ene20,109.284736842105
Feb20,109.973529411765
Mar20,107.292857142857
Abr20,107.93
May20,107.291764705882
Jun20,107.555
Jul20,106.697368421053
Ago20,106.0415
Sep20,105.690555555556
Oct20,105.222380952381
Nov20,104.426470588235
Dic20,103.888823529412
Ene21,103.696111111111
Feb21,105.374117647059
Mar21,108.649565217391
Abr21,109.134285714286
May21,109.11
Jun21,110.105909090909
Jul21,110.166111111111
Ago21,109.835714285714
Sep21,110.218823529412
Oct21,113.127
Nov21,114.017777777778
Dic21,113.616470588235
Ene22,114.853888888889
Feb22,115.21
Mar22,118.509545454545
Abr22,126.224761904762
May22,128.878333333333
Jun22,133.795714285714
Jul22,136.716315789474
Ago22,135.242272727273
Sep22,143.29
Oct22,147.0145
Nov22,142.82
Dic22,135.422352941176
Ene23,130.367727272727
Feb23,133.06975
Mar23,133.669782608696
Abr23,133.4685
May23,137.247173913044
Jun23,141.441136363636
Jul23,141.026904761905
Ago23,144.891086956522
Sep23,147.89119047619
Oct23,149.599318181818
Nov23,149.812045454545
Dic23,143.805238095238
Ene24,146.059782608696
Feb24,149.641904761905
Mar24,149.823095238095
Abr24,153.956590909091
May24,155.822826086957
Jun24,157.943
Jul24,157.632608695652
Ago24,146.151590909091
Sep24,143.172142857143
Oct24,149.928043478261
Nov24,153.579285714286
Dic24,154.0875
Ene25,157.497777777778
Feb25,152.661666666667
Mar25,149.109523809524
Abr25,144.2775
May25,144.797272727273
Jun25,144.554047619048
Jul25,147.11347826087
Ago25,147.495
Sep25,147.896363636364
Oct25,151.442826086957
Nov25,155.2225
Dic25,155.95
Ene26,156.677272727273
Feb26,155.113
Mar26,158.699318181818
Abr26,159.184318181818
May26,158.247857142857
Jun26,160.832727272727
Jul26,162.270217391304
Ago26,158.941428571429
